city,rank,common_name,scientific_name,count,pct_of_total,city_total,removal_flag,removal_reason,source
New York City,1,London planetree,,87014,13.34,652168,Maybe,"Anthracnose, large mature size",https://data.cityofnewyork.us/resource/uvpi-gqnh.json
New York City,2,honeylocust,,64263,9.85,652168,Maybe,"Canker, borers, large planting base",https://data.cityofnewyork.us/resource/uvpi-gqnh.json
New York City,3,Callery pear,,58931,9.04,652168,Yes,Banned OH/SC/PA/NJ; bounty programs NC/IN/VA,https://data.cityofnewyork.us/resource/uvpi-gqnh.json
New York City,4,pin oak,,53185,8.16,652168,Maybe,Mature removals; iron chlorosis in alkaline soils,https://data.cityofnewyork.us/resource/uvpi-gqnh.json
New York City,5,Norway maple,,34189,5.24,652168,Yes,Invasive (NE/PNW); weak unions; storm-prone,https://data.cityofnewyork.us/resource/uvpi-gqnh.json
New York City,6,littleleaf linden,,29742,4.56,652168,No,Standing inventory; no current acute removal driver,https://data.cityofnewyork.us/resource/uvpi-gqnh.json
New York City,7,cherry,,29279,4.49,652168,Maybe,"Shorter lifespan, borers, decline",https://data.cityofnewyork.us/resource/uvpi-gqnh.json
New York City,8,Japanese zelkova,,29258,4.49,652168,No,Standing inventory; no current acute removal driver,https://data.cityofnewyork.us/resource/uvpi-gqnh.json
New York City,9,ginkgo,,21024,3.22,652168,No,Standing inventory; no current acute removal driver,https://data.cityofnewyork.us/resource/uvpi-gqnh.json
New York City,10,Sophora,,19338,2.97,652168,No,Standing inventory; no current acute removal driver,https://data.cityofnewyork.us/resource/uvpi-gqnh.json
New York City,11,red maple,,17246,2.64,652168,No,Standing inventory; no current acute removal driver,https://data.cityofnewyork.us/resource/uvpi-gqnh.json
New York City,12,green ash,,16251,2.49,652168,Yes,EAB - active mortality in 36 states,https://data.cityofnewyork.us/resource/uvpi-gqnh.json
New York City,13,American linden,,13530,2.07,652168,No,Standing inventory; no current acute removal driver,https://data.cityofnewyork.us/resource/uvpi-gqnh.json
New York City,14,silver maple,,12277,1.88,652168,Yes,"Weak wood, storm-prone, surface roots",https://data.cityofnewyork.us/resource/uvpi-gqnh.json
New York City,15,sweetgum,,10657,1.63,652168,Maybe,"Gumball nuisance, large size, surface roots",https://data.cityofnewyork.us/resource/uvpi-gqnh.json
New York City,16,northern red oak,,8400,1.29,652168,Maybe,Oak wilt risk TX/Upper Midwest; mature size elsewhere,https://data.cityofnewyork.us/resource/uvpi-gqnh.json
New York City,17,silver linden,,7995,1.23,652168,No,Standing inventory; no current acute removal driver,https://data.cityofnewyork.us/resource/uvpi-gqnh.json
New York City,18,American elm,,7975,1.22,652168,No,Standing inventory; no current acute removal driver,https://data.cityofnewyork.us/resource/uvpi-gqnh.json
New York City,19,maple,,7080,1.09,652168,No,Standing inventory; no current acute removal driver,https://data.cityofnewyork.us/resource/uvpi-gqnh.json
New York City,20,purple-leaf plum,,6879,1.05,652168,Maybe,"Shorter lifespan, ornamental decline",https://data.cityofnewyork.us/resource/uvpi-gqnh.json
New York City,21,swamp white oak,,6598,1.01,652168,No,Standing inventory; no current acute removal driver,https://data.cityofnewyork.us/resource/uvpi-gqnh.json
New York City,22,crimson king maple,,5923,0.91,652168,Yes,Norway maple cultivar - same issues,https://data.cityofnewyork.us/resource/uvpi-gqnh.json
New York City,23,Chinese elm,,5345,0.82,652168,No,Standing inventory; no current acute removal driver,https://data.cityofnewyork.us/resource/uvpi-gqnh.json
New York City,24,'Schubert' chokecherry,,4888,0.75,652168,Maybe,"Shorter lifespan, borers, decline",https://data.cityofnewyork.us/resource/uvpi-gqnh.json
New York City,25,Japanese tree lilac,,4568,0.7,652168,No,Standing inventory; no current acute removal driver,https://data.cityofnewyork.us/resource/uvpi-gqnh.json
Denver,1,"Ash, Green",,24905,6.76,368678,Yes,EAB - active mortality in 36 states (USDA APHIS Jan 2026),https://data.colorado.gov/resource/wz8h-dap6.json
Denver,2,Honey Locust,,18791,5.1,368678,Maybe,"Canker, borers",https://data.colorado.gov/resource/wz8h-dap6.json
Denver,3,"Linden, Littleleaf",,13775,3.74,368678,No,Standing inventory; no current acute removal driver,https://data.colorado.gov/resource/wz8h-dap6.json
Denver,4,"Maple, Silver",,11766,3.19,368678,Yes,"Weak wood, storm-prone",https://data.colorado.gov/resource/wz8h-dap6.json
Denver,5,"Elm, Siberian",,11402,3.09,368678,Yes,Invasive Plains/Mtn West; brittle,https://data.colorado.gov/resource/wz8h-dap6.json
Denver,6,"Hackberry, Common",,11242,3.05,368678,Maybe,"Storm failure, large size",https://data.colorado.gov/resource/wz8h-dap6.json
Denver,7,"Ash, White",,10362,2.81,368678,Yes,EAB - active mortality in 36 states,https://data.colorado.gov/resource/wz8h-dap6.json
Denver,8,"Pear, Flowering",,9965,2.7,368678,Yes,Often Bradford/Callery; bans expanding,https://data.colorado.gov/resource/wz8h-dap6.json
Denver,9,"Crabapple, Flowering",,8911,2.42,368678,Maybe,"Shorter lifespan, scab/disease",https://data.colorado.gov/resource/wz8h-dap6.json
Denver,10,"Pine, Austrian",,8418,2.28,368678,Yes,Diplodia tip blight,https://data.colorado.gov/resource/wz8h-dap6.json
Denver,11,"Spruce, Blue",,8393,2.28,368678,Yes,Needle cast/decline,https://data.colorado.gov/resource/wz8h-dap6.json
Denver,12,"Maple, Norway",,7621,2.07,368678,Yes,Invasive (NE/PNW); weak unions; storm-prone,https://data.colorado.gov/resource/wz8h-dap6.json
Denver,13,"Pine, Ponderosa",,7457,2.02,368678,No,Standing inventory; no current acute removal driver,https://data.colorado.gov/resource/wz8h-dap6.json
Denver,14,"Maple, Freeman 'Autumn Blaze'",,7382,2.0,368678,No,Standing inventory; no current acute removal driver,https://data.colorado.gov/resource/wz8h-dap6.json
Denver,15,"Oak, Bur",,6253,1.7,368678,No,Standing inventory; no current acute removal driver,https://data.colorado.gov/resource/wz8h-dap6.json
Denver,16,"Oak, Swamp White",,6244,1.69,368678,No,Standing inventory; no current acute removal driver,https://data.colorado.gov/resource/wz8h-dap6.json
Denver,17,Honeylocust,,6079,1.65,368678,Maybe,"Canker, borers, large planting base",https://data.colorado.gov/resource/wz8h-dap6.json
Denver,18,"Linden, American",,5567,1.51,368678,No,Standing inventory; no current acute removal driver,https://data.colorado.gov/resource/wz8h-dap6.json
Denver,19,"Oak, Northern Red",,5268,1.43,368678,Maybe,Oak wilt risk in some regions; mature size,https://data.colorado.gov/resource/wz8h-dap6.json
Denver,20,"Coffeetree, Kentucky",,5156,1.4,368678,No,Standing inventory; no current acute removal driver,https://data.colorado.gov/resource/wz8h-dap6.json
Denver,21,"Maple, freeman",,5113,1.39,368678,No,Standing inventory; no current acute removal driver,https://data.colorado.gov/resource/wz8h-dap6.json
Denver,22,"Catalpa, Western",,4860,1.32,368678,Maybe,"Large size, messy seed pods",https://data.colorado.gov/resource/wz8h-dap6.json
Denver,23,"Juniper, Rocky Mountain",,4422,1.2,368678,No,Standing inventory; no current acute removal driver,https://data.colorado.gov/resource/wz8h-dap6.json
Denver,24,"Elm, American",,4253,1.15,368678,No,Standing inventory; no current acute removal driver,https://data.colorado.gov/resource/wz8h-dap6.json
Denver,25,"Cottonwood, Eastern",,3778,1.02,368678,Yes,"Brittle, storm failure, aggressive roots",https://data.colorado.gov/resource/wz8h-dap6.json
Seattle,1,(Smooth) Japanese Maple,Acer palmatum,8407,3.15,267090,No,Standing inventory; no current acute removal driver,https://services.arcgis.com/ZOyb2t4B0UYuYNYH/arcgis/rest/services/SDOT_Trees_CDL/FeatureServer/0
Seattle,2,Red Maple,Acer rubrum,7636,2.86,267090,No,Standing inventory; no current acute removal driver,https://services.arcgis.com/ZOyb2t4B0UYuYNYH/arcgis/rest/services/SDOT_Trees_CDL/FeatureServer/0
Seattle,3,Apple/Crabapple,Malus sp.,7218,2.7,267090,Maybe,"Shorter lifespan, scab/disease",https://services.arcgis.com/ZOyb2t4B0UYuYNYH/arcgis/rest/services/SDOT_Trees_CDL/FeatureServer/0
Seattle,4,Norway Maple,Acer platanoides,6574,2.46,267090,Yes,Invasive (NE/PNW); weak unions; storm-prone,https://services.arcgis.com/ZOyb2t4B0UYuYNYH/arcgis/rest/services/SDOT_Trees_CDL/FeatureServer/0
Seattle,5,Purpleleaf Plum variety,Prunus cerasifera cv/hyb,6417,2.4,267090,Maybe,"Shorter lifespan, ornamental decline",https://services.arcgis.com/ZOyb2t4B0UYuYNYH/arcgis/rest/services/SDOT_Trees_CDL/FeatureServer/0
Seattle,6,Double Chinese Cherry,Prunus serrulata,5356,2.01,267090,Maybe,"Shorter lifespan, borers, decline",https://services.arcgis.com/ZOyb2t4B0UYuYNYH/arcgis/rest/services/SDOT_Trees_CDL/FeatureServer/0
Seattle,7,Thundercloud Purpleleaf Plum,Prunus cerasifera `Thunderclou,5081,1.9,267090,Maybe,"Shorter lifespan, ornamental decline",https://services.arcgis.com/ZOyb2t4B0UYuYNYH/arcgis/rest/services/SDOT_Trees_CDL/FeatureServer/0
Seattle,8,Sweetgum,Liquidambar styraciflua,4989,1.87,267090,Maybe,"Gumball nuisance, large size, surface roots",https://services.arcgis.com/ZOyb2t4B0UYuYNYH/arcgis/rest/services/SDOT_Trees_CDL/FeatureServer/0
Seattle,9,English Midland Hawthorn,Crataegus laevigata,4971,1.86,267090,No,Standing inventory; no current acute removal driver,https://services.arcgis.com/ZOyb2t4B0UYuYNYH/arcgis/rest/services/SDOT_Trees_CDL/FeatureServer/0
Seattle,10,Cherry/Plum/Laurel,Prunus sp.,4872,1.82,267090,Maybe,"Shorter lifespan, borers, decline",https://services.arcgis.com/ZOyb2t4B0UYuYNYH/arcgis/rest/services/SDOT_Trees_CDL/FeatureServer/0
Seattle,11,Kwanzan Flowering Cherry,Prunus  `Kwanzan` (Sato Zakura,4325,1.62,267090,Maybe,"Shorter lifespan, ornamental decline",https://services.arcgis.com/ZOyb2t4B0UYuYNYH/arcgis/rest/services/SDOT_Trees_CDL/FeatureServer/0
Seattle,12,Blireiana Purpleleaf Plum,Prunus x blireiana,4250,1.59,267090,Maybe,"Shorter lifespan, ornamental decline",https://services.arcgis.com/ZOyb2t4B0UYuYNYH/arcgis/rest/services/SDOT_Trees_CDL/FeatureServer/0
Seattle,13,Callery Pear,Pyrus calleryana,3929,1.47,267090,Yes,Banned OH/SC/PA/NJ; bounty programs NC/IN/VA,https://services.arcgis.com/ZOyb2t4B0UYuYNYH/arcgis/rest/services/SDOT_Trees_CDL/FeatureServer/0
Seattle,14,Kousa Dogwood,Cornus kousa,3685,1.38,267090,No,Standing inventory; no current acute removal driver,https://services.arcgis.com/ZOyb2t4B0UYuYNYH/arcgis/rest/services/SDOT_Trees_CDL/FeatureServer/0
Seattle,15,Japanese Snowbell Tree,Styrax japonicus,3431,1.28,267090,No,Standing inventory; no current acute removal driver,https://services.arcgis.com/ZOyb2t4B0UYuYNYH/arcgis/rest/services/SDOT_Trees_CDL/FeatureServer/0
Seattle,16,(European) White Birch,Betula pendula,3368,1.26,267090,Yes,Bronze birch borer,https://services.arcgis.com/ZOyb2t4B0UYuYNYH/arcgis/rest/services/SDOT_Trees_CDL/FeatureServer/0
Seattle,17,Paperbark Maple,Acer griseum,3355,1.26,267090,No,Standing inventory; no current acute removal driver,https://services.arcgis.com/ZOyb2t4B0UYuYNYH/arcgis/rest/services/SDOT_Trees_CDL/FeatureServer/0
Seattle,18,Bigleaf Maple,Acer macrophyllum,3311,1.24,267090,No,Standing inventory; no current acute removal driver,https://services.arcgis.com/ZOyb2t4B0UYuYNYH/arcgis/rest/services/SDOT_Trees_CDL/FeatureServer/0
Seattle,19,Red Oak,Quercus rubra,3019,1.13,267090,Maybe,Oak wilt risk TX/Upper Midwest; mature size elsewhere,https://services.arcgis.com/ZOyb2t4B0UYuYNYH/arcgis/rest/services/SDOT_Trees_CDL/FeatureServer/0
Seattle,20,Katsura Tree,Cercidiphyllum japonicum,2919,1.09,267090,No,Standing inventory; no current acute removal driver,https://services.arcgis.com/ZOyb2t4B0UYuYNYH/arcgis/rest/services/SDOT_Trees_CDL/FeatureServer/0
Seattle,21,Littleleaf Linden,Tilia cordata,2862,1.07,267090,No,Standing inventory; no current acute removal driver,https://services.arcgis.com/ZOyb2t4B0UYuYNYH/arcgis/rest/services/SDOT_Trees_CDL/FeatureServer/0
Seattle,22,Western Red Cedar,Thuja plicata,2780,1.04,267090,No,Standing inventory; no current acute removal driver,https://services.arcgis.com/ZOyb2t4B0UYuYNYH/arcgis/rest/services/SDOT_Trees_CDL/FeatureServer/0
Seattle,23,Douglas Fir,Pseudotsuga menziesii,2720,1.02,267090,Yes,Hemlock woolly adelgid,https://services.arcgis.com/ZOyb2t4B0UYuYNYH/arcgis/rest/services/SDOT_Trees_CDL/FeatureServer/0
Seattle,24,London Plane (Tree),Platanus x acerifolia,2231,0.84,267090,Maybe,"Anthracnose, large mature size",https://services.arcgis.com/ZOyb2t4B0UYuYNYH/arcgis/rest/services/SDOT_Trees_CDL/FeatureServer/0
Seattle,25,Norwegian Sunset Maple,Acer truncatum x A platanoides,2216,0.83,267090,No,Standing inventory; no current acute removal driver,https://services.arcgis.com/ZOyb2t4B0UYuYNYH/arcgis/rest/services/SDOT_Trees_CDL/FeatureServer/0
Boston,1,Honeylocust,Gleditsia triacanthos,6527,12.43,52511,Maybe,"Canker, borers, large planting base",Boston CKAN resource 995cd80f-2489-41bf-b16b-113dba4f2797
Boston,2,"Linden, Littleleaf",Tilia cordata,3521,6.71,52511,No,Standing inventory; no current acute removal driver,Boston CKAN resource 995cd80f-2489-41bf-b16b-113dba4f2797
Boston,3,"Maple, Norway",Acer platanoides,3179,6.05,52511,Yes,Invasive (NE/PNW); weak unions; storm-prone,Boston CKAN resource 995cd80f-2489-41bf-b16b-113dba4f2797
Boston,4,"Maple, Red",Acer rubrum,2759,5.25,52511,No,Standing inventory; no current acute removal driver,Boston CKAN resource 995cd80f-2489-41bf-b16b-113dba4f2797
Boston,5,Empty Pit/Planting Site,Empty Pit/Planting Site,2423,4.61,52511,No,Standing inventory; no current acute removal driver,Boston CKAN resource 995cd80f-2489-41bf-b16b-113dba4f2797
Boston,6,"Oak, Pin",Quercus palustris,2284,4.35,52511,Maybe,Mature removals,Boston CKAN resource 995cd80f-2489-41bf-b16b-113dba4f2797
Boston,7,"Ash, Green",Fraxinus pennsylvanica,1860,3.54,52511,Yes,EAB - active mortality in 36 states (USDA APHIS Jan 2026),Boston CKAN resource 995cd80f-2489-41bf-b16b-113dba4f2797
Boston,8,"Pear, Callery",Pyrus calleryana,1757,3.35,52511,Yes,Banned OH/SC/PA/NJ; bounty programs NC/IN/VA,Boston CKAN resource 995cd80f-2489-41bf-b16b-113dba4f2797
Boston,9,"Zelkova, Japanese",Zelkova serrata,1717,3.27,52511,No,Standing inventory; no current acute removal driver,Boston CKAN resource 995cd80f-2489-41bf-b16b-113dba4f2797
Boston,10,"Oak, Northern Red",Quercus rubra,1546,2.94,52511,Maybe,Oak wilt risk in some regions; mature size,Boston CKAN resource 995cd80f-2489-41bf-b16b-113dba4f2797
Boston,11,"Elm, Accolade",Ulmus carpinifolia 'accolade',1199,2.28,52511,No,Standing inventory; no current acute removal driver,Boston CKAN resource 995cd80f-2489-41bf-b16b-113dba4f2797
Boston,12,Ginkgo,Ginkgo biloba,1166,2.22,52511,No,Standing inventory; no current acute removal driver,Boston CKAN resource 995cd80f-2489-41bf-b16b-113dba4f2797
Boston,13,"Planetree, London",Platanus x acerifolia,1084,2.06,52511,Maybe,"Anthracnose, large size",Boston CKAN resource 995cd80f-2489-41bf-b16b-113dba4f2797
Boston,14,"Oak, Swamp White",Quercus bicolor,987,1.88,52511,No,Standing inventory; no current acute removal driver,Boston CKAN resource 995cd80f-2489-41bf-b16b-113dba4f2797
Boston,15,"Honeylocust, Thornless",Gleditsia triacanthos inermis,939,1.79,52511,Maybe,"Canker, borers, large planting base",Boston CKAN resource 995cd80f-2489-41bf-b16b-113dba4f2797
Boston,16,Apple/Crabapple,Malus species,845,1.61,52511,Maybe,"Shorter lifespan, scab/disease",Boston CKAN resource 995cd80f-2489-41bf-b16b-113dba4f2797
Boston,17,"Lilac, Japanese Tree",Syringa reticulata,801,1.53,52511,No,Standing inventory; no current acute removal driver,Boston CKAN resource 995cd80f-2489-41bf-b16b-113dba4f2797
Boston,18,"Sweetgum, Common",Liquidambar styraciflua,751,1.43,52511,Maybe,"Gumball nuisance, large size, surface roots",Boston CKAN resource 995cd80f-2489-41bf-b16b-113dba4f2797
Boston,19,"Maple, Hedge",Acer campestre,683,1.3,52511,No,Standing inventory; no current acute removal driver,Boston CKAN resource 995cd80f-2489-41bf-b16b-113dba4f2797
Boston,20,"Elm, American",Ulmus americana,592,1.13,52511,No,Standing inventory; no current acute removal driver,Boston CKAN resource 995cd80f-2489-41bf-b16b-113dba4f2797
Boston,21,"Hackberry, Northern",Celtis occidentalis,568,1.08,52511,Maybe,"Storm failure, large size",Boston CKAN resource 995cd80f-2489-41bf-b16b-113dba4f2797
Boston,22,Crabapple spp.,Malus spp.,496,0.94,52511,Maybe,"Shorter lifespan, scab/disease",Boston CKAN resource 995cd80f-2489-41bf-b16b-113dba4f2797
Boston,23,"Pagoda Tree, Japanese",Sophora japonica,484,0.92,52511,No,Standing inventory; no current acute removal driver,Boston CKAN resource 995cd80f-2489-41bf-b16b-113dba4f2797
Boston,24,"Linden, Silver",Tilia tomentosa,480,0.91,52511,No,Standing inventory; no current acute removal driver,Boston CKAN resource 995cd80f-2489-41bf-b16b-113dba4f2797
Boston,25,"Basswood, American",Tilia americana,470,0.9,52511,No,Standing inventory; no current acute removal driver,Boston CKAN resource 995cd80f-2489-41bf-b16b-113dba4f2797
Tempe AZ (Phoenix proxy),1,Brush Box,,4447,9.02,49307,No,Standing inventory; no current acute removal driver,https://services1.arcgis.com/cNVyNtjGVZybOQWZ/arcgis/rest/services/Trees/FeatureServer/0
Tempe AZ (Phoenix proxy),2,London Plane,,3588,7.28,49307,Maybe,"Anthracnose, large mature size",https://services1.arcgis.com/cNVyNtjGVZybOQWZ/arcgis/rest/services/Trees/FeatureServer/0
Tempe AZ (Phoenix proxy),3,Broad Leaf Paperbark,,3475,7.05,49307,No,Standing inventory; no current acute removal driver,https://services1.arcgis.com/cNVyNtjGVZybOQWZ/arcgis/rest/services/Trees/FeatureServer/0
Tempe AZ (Phoenix proxy),4,Water Gum,,2269,4.6,49307,No,Standing inventory; no current acute removal driver,https://services1.arcgis.com/cNVyNtjGVZybOQWZ/arcgis/rest/services/Trees/FeatureServer/0
Tempe AZ (Phoenix proxy),5,Spotted Gum,,1611,3.27,49307,No,Standing inventory; no current acute removal driver,https://services1.arcgis.com/cNVyNtjGVZybOQWZ/arcgis/rest/services/Trees/FeatureServer/0
Tempe AZ (Phoenix proxy),6,Jacaranda,,1560,3.16,49307,No,Standing inventory; no current acute removal driver,https://services1.arcgis.com/cNVyNtjGVZybOQWZ/arcgis/rest/services/Trees/FeatureServer/0
Tempe AZ (Phoenix proxy),7,Sydney Red Gum,,1314,2.66,49307,No,Standing inventory; no current acute removal driver,https://services1.arcgis.com/cNVyNtjGVZybOQWZ/arcgis/rest/services/Trees/FeatureServer/0
Tempe AZ (Phoenix proxy),8,Golden Robinia,,1219,2.47,49307,No,Standing inventory; no current acute removal driver,https://services1.arcgis.com/cNVyNtjGVZybOQWZ/arcgis/rest/services/Trees/FeatureServer/0
Tempe AZ (Phoenix proxy),9,Tuckeroo,,1142,2.32,49307,No,Standing inventory; no current acute removal driver,https://services1.arcgis.com/cNVyNtjGVZybOQWZ/arcgis/rest/services/Trees/FeatureServer/0
Tempe AZ (Phoenix proxy),10,Weeping Bottlebrush,,1008,2.04,49307,No,Standing inventory; no current acute removal driver,https://services1.arcgis.com/cNVyNtjGVZybOQWZ/arcgis/rest/services/Trees/FeatureServer/0
Tempe AZ (Phoenix proxy),11,River She Oak,,1007,2.04,49307,No,Standing inventory; no current acute removal driver,https://services1.arcgis.com/cNVyNtjGVZybOQWZ/arcgis/rest/services/Trees/FeatureServer/0
Tempe AZ (Phoenix proxy),12,Blueberry Ash,,999,2.03,49307,No,Standing inventory; no current acute removal driver,https://services1.arcgis.com/cNVyNtjGVZybOQWZ/arcgis/rest/services/Trees/FeatureServer/0
Tempe AZ (Phoenix proxy),13,Crepe Myrtle,,931,1.89,49307,No,Standing inventory; no current acute removal driver,https://services1.arcgis.com/cNVyNtjGVZybOQWZ/arcgis/rest/services/Trees/FeatureServer/0
Tempe AZ (Phoenix proxy),14,Cabbage Tree Palm,,926,1.88,49307,No,Standing inventory; no current acute removal driver,https://services1.arcgis.com/cNVyNtjGVZybOQWZ/arcgis/rest/services/Trees/FeatureServer/0
Tempe AZ (Phoenix proxy),15,Port Jackson or Rusty Fig,,894,1.81,49307,No,Standing inventory; no current acute removal driver,https://services1.arcgis.com/cNVyNtjGVZybOQWZ/arcgis/rest/services/Trees/FeatureServer/0
Tempe AZ (Phoenix proxy),16,Tallow Wood,,819,1.66,49307,No,Standing inventory; no current acute removal driver,https://services1.arcgis.com/cNVyNtjGVZybOQWZ/arcgis/rest/services/Trees/FeatureServer/0
Tempe AZ (Phoenix proxy),17,Hills Fig,,805,1.63,49307,No,Standing inventory; no current acute removal driver,https://services1.arcgis.com/cNVyNtjGVZybOQWZ/arcgis/rest/services/Trees/FeatureServer/0
Tempe AZ (Phoenix proxy),18,Lemon Scented Gum,,724,1.47,49307,No,Standing inventory; no current acute removal driver,https://services1.arcgis.com/cNVyNtjGVZybOQWZ/arcgis/rest/services/Trees/FeatureServer/0
Tempe AZ (Phoenix proxy),19,Chinese Pistacia,,711,1.44,49307,No,Standing inventory; no current acute removal driver,https://services1.arcgis.com/cNVyNtjGVZybOQWZ/arcgis/rest/services/Trees/FeatureServer/0
Tempe AZ (Phoenix proxy),20,Swamp Mahogany,,616,1.25,49307,No,Standing inventory; no current acute removal driver,https://services1.arcgis.com/cNVyNtjGVZybOQWZ/arcgis/rest/services/Trees/FeatureServer/0
Tempe AZ (Phoenix proxy),21,Not Applicable,,598,1.21,49307,No,Standing inventory; no current acute removal driver,https://services1.arcgis.com/cNVyNtjGVZybOQWZ/arcgis/rest/services/Trees/FeatureServer/0
Tempe AZ (Phoenix proxy),22,Evergreen Ash,,580,1.18,49307,Yes,EAB - active mortality in 36 states,https://services1.arcgis.com/cNVyNtjGVZybOQWZ/arcgis/rest/services/Trees/FeatureServer/0
Tempe AZ (Phoenix proxy),23,Sydney Blue Gum,,551,1.12,49307,No,Standing inventory; no current acute removal driver,https://services1.arcgis.com/cNVyNtjGVZybOQWZ/arcgis/rest/services/Trees/FeatureServer/0
Tempe AZ (Phoenix proxy),24,Weeping Lilly Pilly,,550,1.12,49307,No,Standing inventory; no current acute removal driver,https://services1.arcgis.com/cNVyNtjGVZybOQWZ/arcgis/rest/services/Trees/FeatureServer/0
Tempe AZ (Phoenix proxy),25,Crows Ash,,547,1.11,49307,No,Standing inventory; no current acute removal driver,https://services1.arcgis.com/cNVyNtjGVZybOQWZ/arcgis/rest/services/Trees/FeatureServer/0
Los Angeles County Parks (proxy; LA City API lacks species),1,Pine - Canary Island,Pinus canariensis,586,13.59,4312,No,Standing inventory; no current acute removal driver,https://services1.arcgis.com/0MSEUqKaxRlEPj5g/arcgis/rest/services/LACO_PARK_TREES_PHASES1_AND_1/FeatureServer/0
Los Angeles County Parks (proxy; LA City API lacks species),2,Pine - Aleppo,Pinus halepensis,204,4.73,4312,No,Standing inventory; no current acute removal driver,https://services1.arcgis.com/0MSEUqKaxRlEPj5g/arcgis/rest/services/LACO_PARK_TREES_PHASES1_AND_1/FeatureServer/0
Los Angeles County Parks (proxy; LA City API lacks species),3,Pine - Eldarica,Pinus eldarica,184,4.27,4312,No,Standing inventory; no current acute removal driver,https://services1.arcgis.com/0MSEUqKaxRlEPj5g/arcgis/rest/services/LACO_PARK_TREES_PHASES1_AND_1/FeatureServer/0
Los Angeles County Parks (proxy; LA City API lacks species),4,Elm - Chinese,Ulmus parvifolia,179,4.15,4312,No,Standing inventory; no current acute removal driver,https://services1.arcgis.com/0MSEUqKaxRlEPj5g/arcgis/rest/services/LACO_PARK_TREES_PHASES1_AND_1/FeatureServer/0
Los Angeles County Parks (proxy; LA City API lacks species),5,Palm - Mexican Fan,Washingtonia robusta,170,3.94,4312,No,Standing inventory; no current acute removal driver,https://services1.arcgis.com/0MSEUqKaxRlEPj5g/arcgis/rest/services/LACO_PARK_TREES_PHASES1_AND_1/FeatureServer/0
Los Angeles County Parks (proxy; LA City API lacks species),6,Sycamore - London Plane,Platanus acerifolia,151,3.5,4312,Maybe,"Anthracnose, large mature size",https://services1.arcgis.com/0MSEUqKaxRlEPj5g/arcgis/rest/services/LACO_PARK_TREES_PHASES1_AND_1/FeatureServer/0
Los Angeles County Parks (proxy; LA City API lacks species),7,Jacaranda,Jacaranda mimosifolia,138,3.2,4312,No,Standing inventory; no current acute removal driver,https://services1.arcgis.com/0MSEUqKaxRlEPj5g/arcgis/rest/services/LACO_PARK_TREES_PHASES1_AND_1/FeatureServer/0
Los Angeles County Parks (proxy; LA City API lacks species),8,Ash - Shamel,Fraxinus uhdei,133,3.08,4312,Yes,EAB - active mortality in 36 states,https://services1.arcgis.com/0MSEUqKaxRlEPj5g/arcgis/rest/services/LACO_PARK_TREES_PHASES1_AND_1/FeatureServer/0
Los Angeles County Parks (proxy; LA City API lacks species),9,Pine - Stone,Pinus pinea,123,2.85,4312,No,Standing inventory; no current acute removal driver,https://services1.arcgis.com/0MSEUqKaxRlEPj5g/arcgis/rest/services/LACO_PARK_TREES_PHASES1_AND_1/FeatureServer/0
Los Angeles County Parks (proxy; LA City API lacks species),10,Sycamore - California,Platanus racemosa,114,2.64,4312,Maybe,"Anthracnose, large mature size",https://services1.arcgis.com/0MSEUqKaxRlEPj5g/arcgis/rest/services/LACO_PARK_TREES_PHASES1_AND_1/FeatureServer/0
Los Angeles County Parks (proxy; LA City API lacks species),11,Liquidambar,Liquidambar styraciflua,109,2.53,4312,Maybe,"Gumball nuisance, large size",https://services1.arcgis.com/0MSEUqKaxRlEPj5g/arcgis/rest/services/LACO_PARK_TREES_PHASES1_AND_1/FeatureServer/0
Los Angeles County Parks (proxy; LA City API lacks species),12,Mulberry - White,Morus alba,109,2.53,4312,Maybe,"Fruit nuisance, weak wood",https://services1.arcgis.com/0MSEUqKaxRlEPj5g/arcgis/rest/services/LACO_PARK_TREES_PHASES1_AND_1/FeatureServer/0
Los Angeles County Parks (proxy; LA City API lacks species),13,Ficus - Nitida,Ficus microcarpa 'nitada',106,2.46,4312,No,Standing inventory; no current acute removal driver,https://services1.arcgis.com/0MSEUqKaxRlEPj5g/arcgis/rest/services/LACO_PARK_TREES_PHASES1_AND_1/FeatureServer/0
Los Angeles County Parks (proxy; LA City API lacks species),14,Tristania (Brisbane Box),Tristania conferta,90,2.09,4312,No,Standing inventory; no current acute removal driver,https://services1.arcgis.com/0MSEUqKaxRlEPj5g/arcgis/rest/services/LACO_PARK_TREES_PHASES1_AND_1/FeatureServer/0
Los Angeles County Parks (proxy; LA City API lacks species),15,Crape Myrtle,Lagerstroemia indica,82,1.9,4312,No,Standing inventory; no current acute removal driver,https://services1.arcgis.com/0MSEUqKaxRlEPj5g/arcgis/rest/services/LACO_PARK_TREES_PHASES1_AND_1/FeatureServer/0
Los Angeles County Parks (proxy; LA City API lacks species),16,Chinese Pistache,Pistacia chinensis,68,1.58,4312,No,Standing inventory; no current acute removal driver,https://services1.arcgis.com/0MSEUqKaxRlEPj5g/arcgis/rest/services/LACO_PARK_TREES_PHASES1_AND_1/FeatureServer/0
Los Angeles County Parks (proxy; LA City API lacks species),17,Tipu,Tipuana tipu,66,1.53,4312,No,Standing inventory; no current acute removal driver,https://services1.arcgis.com/0MSEUqKaxRlEPj5g/arcgis/rest/services/LACO_PARK_TREES_PHASES1_AND_1/FeatureServer/0
Los Angeles County Parks (proxy; LA City API lacks species),18,Eucalyptus - Red Ironbark,Eucalyptus sideroxylon,58,1.35,4312,Yes,Wildfire risk + brittle limbs in CA,https://services1.arcgis.com/0MSEUqKaxRlEPj5g/arcgis/rest/services/LACO_PARK_TREES_PHASES1_AND_1/FeatureServer/0
Los Angeles County Parks (proxy; LA City API lacks species),19,Elm - Siberian,Ulmus pumila,56,1.3,4312,Yes,Invasive Plains/Mtn West,https://services1.arcgis.com/0MSEUqKaxRlEPj5g/arcgis/rest/services/LACO_PARK_TREES_PHASES1_AND_1/FeatureServer/0
Los Angeles County Parks (proxy; LA City API lacks species),20,Melaleuca,Melaleuca quinquenervia,56,1.3,4312,No,Standing inventory; no current acute removal driver,https://services1.arcgis.com/0MSEUqKaxRlEPj5g/arcgis/rest/services/LACO_PARK_TREES_PHASES1_AND_1/FeatureServer/0
Los Angeles County Parks (proxy; LA City API lacks species),21,Plum - Purple-Leaf,Prunus cerasifera,52,1.21,4312,Maybe,"Shorter lifespan, ornamental decline",https://services1.arcgis.com/0MSEUqKaxRlEPj5g/arcgis/rest/services/LACO_PARK_TREES_PHASES1_AND_1/FeatureServer/0
Los Angeles County Parks (proxy; LA City API lacks species),22,Bottlebrush - Lemon,Callistemon citrinus,51,1.18,4312,No,Standing inventory; no current acute removal driver,https://services1.arcgis.com/0MSEUqKaxRlEPj5g/arcgis/rest/services/LACO_PARK_TREES_PHASES1_AND_1/FeatureServer/0
Los Angeles County Parks (proxy; LA City API lacks species),23,Olive,Olea europaea,48,1.11,4312,No,Standing inventory; no current acute removal driver,https://services1.arcgis.com/0MSEUqKaxRlEPj5g/arcgis/rest/services/LACO_PARK_TREES_PHASES1_AND_1/FeatureServer/0
Los Angeles County Parks (proxy; LA City API lacks species),24,Palm - Queen,Syagrus romanzoffianum,43,1.0,4312,No,Standing inventory; no current acute removal driver,https://services1.arcgis.com/0MSEUqKaxRlEPj5g/arcgis/rest/services/LACO_PARK_TREES_PHASES1_AND_1/FeatureServer/0
Los Angeles County Parks (proxy; LA City API lacks species),25,Eucalyptus - Cladocalyx,Eucalyptus cladocalyx,42,0.97,4312,Yes,Wildfire risk + brittle limbs in CA,https://services1.arcgis.com/0MSEUqKaxRlEPj5g/arcgis/rest/services/LACO_PARK_TREES_PHASES1_AND_1/FeatureServer/0
Rochester NY,1,MAPLE - NRWY,Acer platanoides,6479,10.04,64520,Yes,Invasive (NE/PNW); weak unions; storm-prone,https://maps.cityofrochester.gov/server/rest/services/Open_Data/Trees_Open_Data/FeatureServer/0
Rochester NY,2,HONEYLOCUST,Gleditsia triacanthos,5917,9.17,64520,Maybe,"Canker, borers, large planting base",https://maps.cityofrochester.gov/server/rest/services/Open_Data/Trees_Open_Data/FeatureServer/0
Rochester NY,3,LINDEN - LITTLE LEAF,Tilia cordata,2744,4.25,64520,No,Standing inventory; no current acute removal driver,https://maps.cityofrochester.gov/server/rest/services/Open_Data/Trees_Open_Data/FeatureServer/0
Rochester NY,4,LONDON PLANETREE,Platanus acerifolia,2742,4.25,64520,Maybe,"Anthracnose, large mature size",https://maps.cityofrochester.gov/server/rest/services/Open_Data/Trees_Open_Data/FeatureServer/0
Rochester NY,5,MAPLE - NRWY 'CRIMSON KING',Acer platanoides,2214,3.43,64520,Yes,Invasive (NE/PNW); weak unions; storm-prone,https://maps.cityofrochester.gov/server/rest/services/Open_Data/Trees_Open_Data/FeatureServer/0
Rochester NY,6,ASH - GREEN,Fraxinus pennsylvanica,2210,3.43,64520,Yes,EAB - active mortality in 36 states,https://maps.cityofrochester.gov/server/rest/services/Open_Data/Trees_Open_Data/FeatureServer/0
Rochester NY,7,OAK - NORTHERN RED,Quercus rubra,2162,3.35,64520,Maybe,Oak wilt risk in IL/IA/MI/MN/WI,https://maps.cityofrochester.gov/server/rest/services/Open_Data/Trees_Open_Data/FeatureServer/0
Rochester NY,8,MAPLE - HEDGE,Acer campestre,1532,2.37,64520,No,Standing inventory; no current acute removal driver,https://maps.cityofrochester.gov/server/rest/services/Open_Data/Trees_Open_Data/FeatureServer/0
Rochester NY,9,ZELKOVA - JAPANESE,Zelkova serrata,1303,2.02,64520,No,Standing inventory; no current acute removal driver,https://maps.cityofrochester.gov/server/rest/services/Open_Data/Trees_Open_Data/FeatureServer/0
Rochester NY,10,MAPLE - RED,Acer rubrum,1198,1.86,64520,No,Standing inventory; no current acute removal driver,https://maps.cityofrochester.gov/server/rest/services/Open_Data/Trees_Open_Data/FeatureServer/0
Rochester NY,11,MAPLE - NRWY 'SCHWEDLER',Acer platanoides,1141,1.77,64520,Yes,Invasive (NE/PNW); weak unions; storm-prone,https://maps.cityofrochester.gov/server/rest/services/Open_Data/Trees_Open_Data/FeatureServer/0
Rochester NY,12,JAP TREE LILAC - 'IVSIL',Syringa reticulata,1103,1.71,64520,No,Standing inventory; no current acute removal driver,https://maps.cityofrochester.gov/server/rest/services/Open_Data/Trees_Open_Data/FeatureServer/0
Rochester NY,13,MAPLE - SUGAR,Acer saccharum,1059,1.64,64520,No,Standing inventory; no current acute removal driver,https://maps.cityofrochester.gov/server/rest/services/Open_Data/Trees_Open_Data/FeatureServer/0
Rochester NY,14,CHERRY - 'KWANZAN',Prunus serrulata,987,1.53,64520,Maybe,"Shorter lifespan, ornamental decline",https://maps.cityofrochester.gov/server/rest/services/Open_Data/Trees_Open_Data/FeatureServer/0
Rochester NY,15,PEAR - 'CHANT OR CLEVE',Pyrus calleryana,950,1.47,64520,Yes,Banned OH/SC/PA/NJ; bounty programs,https://maps.cityofrochester.gov/server/rest/services/Open_Data/Trees_Open_Data/FeatureServer/0
Rochester NY,16,MAPLE - NRWY COLUMN,Acer platanoides,910,1.41,64520,Yes,Invasive (NE/PNW); weak unions; storm-prone,https://maps.cityofrochester.gov/server/rest/services/Open_Data/Trees_Open_Data/FeatureServer/0
Rochester NY,17,MAPLE - SILVER,Acer saccharinum,905,1.4,64520,Yes,"Weak wood, storm-prone",https://maps.cityofrochester.gov/server/rest/services/Open_Data/Trees_Open_Data/FeatureServer/0
Rochester NY,18,HACKBERRY,Celtis occidentalis,873,1.35,64520,Maybe,"Storm failure, large size",https://maps.cityofrochester.gov/server/rest/services/Open_Data/Trees_Open_Data/FeatureServer/0
Rochester NY,19,JAP TREE LILAC,Syringa reticulata,864,1.34,64520,No,Standing inventory; no current acute removal driver,https://maps.cityofrochester.gov/server/rest/services/Open_Data/Trees_Open_Data/FeatureServer/0
Rochester NY,20,SWEETGUM,Liquidambar styraciflua,760,1.18,64520,Maybe,"Gumball nuisance, large size, surface roots",https://maps.cityofrochester.gov/server/rest/services/Open_Data/Trees_Open_Data/FeatureServer/0
Rochester NY,21,PEAR - CALLERY,Pyrus calleryana,649,1.01,64520,Yes,Banned OH/SC/PA/NJ; bounty programs,https://maps.cityofrochester.gov/server/rest/services/Open_Data/Trees_Open_Data/FeatureServer/0
Rochester NY,22,LINDEN - AMERICAN,Tilia americana,617,0.96,64520,No,Standing inventory; no current acute removal driver,https://maps.cityofrochester.gov/server/rest/services/Open_Data/Trees_Open_Data/FeatureServer/0
Rochester NY,23,OAK - WHITE,Quercus alba,539,0.84,64520,No,Standing inventory; no current acute removal driver,https://maps.cityofrochester.gov/server/rest/services/Open_Data/Trees_Open_Data/FeatureServer/0
Rochester NY,24,HAWTHORN - COCKSPUR,Crataegus crusgalli,504,0.78,64520,No,Standing inventory; no current acute removal driver,https://maps.cityofrochester.gov/server/rest/services/Open_Data/Trees_Open_Data/FeatureServer/0
Rochester NY,25,GINGKO,Gingko biloba,504,0.78,64520,No,Standing inventory; no current acute removal driver,https://maps.cityofrochester.gov/server/rest/services/Open_Data/Trees_Open_Data/FeatureServer/0
Atlanta (Trees Atlanta),1,Eastern redbud,Cercis canadensis,5104,4.21,121316,No,Standing inventory; no current acute removal driver,"Trees Atlanta ArcGIS (per-cultivar via Perplexity, common names synthesized)"
Atlanta (Trees Atlanta),2,White oak,Quercus alba,3676,3.03,121316,No,Standing inventory; no current acute removal driver,"Trees Atlanta ArcGIS (per-cultivar via Perplexity, common names synthesized)"
Atlanta (Trees Atlanta),3,Trident maple 'ABMTF',Acer buergerianum 'ABMTF',3075,2.53,121316,No,Standing inventory; no current acute removal driver,"Trees Atlanta ArcGIS (per-cultivar via Perplexity, common names synthesized)"
Atlanta (Trees Atlanta),4,American hornbeam,Carpinus caroliniana,3032,2.5,121316,No,Standing inventory; no current acute removal driver,"Trees Atlanta ArcGIS (per-cultivar via Perplexity, common names synthesized)"
Atlanta (Trees Atlanta),5,Serviceberry 'Autumn Brilliance',Amelanchier x grandiflora 'Autumn Brilliance',3023,2.49,121316,No,Standing inventory; no current acute removal driver,"Trees Atlanta ArcGIS (per-cultivar via Perplexity, common names synthesized)"
Atlanta (Trees Atlanta),6,Tuliptree,Liriodendron tulipifera,2592,2.14,121316,Maybe,"Large mature size, storm/conflict","Trees Atlanta ArcGIS (per-cultivar via Perplexity, common names synthesized)"
Atlanta (Trees Atlanta),7,Nuttall oak,Quercus texana,2449,2.02,121316,No,Standing inventory; no current acute removal driver,"Trees Atlanta ArcGIS (per-cultivar via Perplexity, common names synthesized)"
Atlanta (Trees Atlanta),8,Shumard oak,Quercus shumardii,2251,1.86,121316,No,Standing inventory; no current acute removal driver,"Trees Atlanta ArcGIS (per-cultivar via Perplexity, common names synthesized)"
Atlanta (Trees Atlanta),9,Sweetbay magnolia,Magnolia virginiana,1990,1.64,121316,No,Standing inventory; no current acute removal driver,"Trees Atlanta ArcGIS (per-cultivar via Perplexity, common names synthesized)"
Atlanta (Trees Atlanta),10,Overcup oak,Quercus lyrata,1983,1.63,121316,No,Standing inventory; no current acute removal driver,"Trees Atlanta ArcGIS (per-cultivar via Perplexity, common names synthesized)"
Atlanta (Trees Atlanta),11,Blackgum,Nyssa sylvatica,1937,1.6,121316,No,Standing inventory; no current acute removal driver,"Trees Atlanta ArcGIS (per-cultivar via Perplexity, common names synthesized)"
Atlanta (Trees Atlanta),12,Persian parrotia,Parrotia persica,1880,1.55,121316,No,Standing inventory; no current acute removal driver,"Trees Atlanta ArcGIS (per-cultivar via Perplexity, common names synthesized)"
Atlanta (Trees Atlanta),13,Bald cypress,Taxodium distichum,1859,1.53,121316,No,Standing inventory; no current acute removal driver,"Trees Atlanta ArcGIS (per-cultivar via Perplexity, common names synthesized)"
Atlanta (Trees Atlanta),14,Willow oak,Quercus phellos,1732,1.43,121316,Maybe,Mature size; common Mid-Atlantic/SE removal,"Trees Atlanta ArcGIS (per-cultivar via Perplexity, common names synthesized)"
Atlanta (Trees Atlanta),15,Blackgum 'Wildfire',Nyssa sylvatica 'Wildfire',1724,1.42,121316,No,Standing inventory; no current acute removal driver,"Trees Atlanta ArcGIS (per-cultivar via Perplexity, common names synthesized)"
Atlanta (Trees Atlanta),16,White fringetree,Chionanthus virginicus,1435,1.18,121316,No,Standing inventory; no current acute removal driver,"Trees Atlanta ArcGIS (per-cultivar via Perplexity, common names synthesized)"
Atlanta (Trees Atlanta),17,Red maple 'October Glory',Acer rubrum 'October Glory',1387,1.14,121316,No,Standing inventory; no current acute removal driver,"Trees Atlanta ArcGIS (per-cultivar via Perplexity, common names synthesized)"
Atlanta (Trees Atlanta),18,American elm 'Princeton',Ulmus americana 'Princeton',1375,1.13,121316,No,Standing inventory; no current acute removal driver,"Trees Atlanta ArcGIS (per-cultivar via Perplexity, common names synthesized)"
Atlanta (Trees Atlanta),19,Flowering dogwood,Cornus florida,1259,1.04,121316,No,Standing inventory; no current acute removal driver,"Trees Atlanta ArcGIS (per-cultivar via Perplexity, common names synthesized)"
Atlanta (Trees Atlanta),20,Crape myrtle 'Natchez',Lagerstroemia indica x fauriei 'Natchez',1239,1.02,121316,No,Standing inventory; no current acute removal driver,"Trees Atlanta ArcGIS (per-cultivar via Perplexity, common names synthesized)"
Atlanta (Trees Atlanta),21,American hophornbeam,Ostrya virginiana,1203,0.99,121316,No,Standing inventory; no current acute removal driver,"Trees Atlanta ArcGIS (per-cultivar via Perplexity, common names synthesized)"
Atlanta (Trees Atlanta),22,American beech,Fagus grandifolia,1072,0.88,121316,Yes,Beech leaf disease - 13 states + ON; 5yr sapling mortality,"Trees Atlanta ArcGIS (per-cultivar via Perplexity, common names synthesized)"
Atlanta (Trees Atlanta),23,Southern red oak,Quercus falcata,1064,0.88,121316,Maybe,Oak wilt risk TX/Upper Midwest; mature size elsewhere,"Trees Atlanta ArcGIS (per-cultivar via Perplexity, common names synthesized)"
Atlanta (Trees Atlanta),24,Red maple,Acer rubrum,1062,0.88,121316,No,Standing inventory; no current acute removal driver,"Trees Atlanta ArcGIS (per-cultivar via Perplexity, common names synthesized)"
Atlanta (Trees Atlanta),25,American sycamore,Platanus occidentalis,1040,0.86,121316,Maybe,"Anthracnose, large mature size","Trees Atlanta ArcGIS (per-cultivar via Perplexity, common names synthesized)"
San Francisco,1,Platanus x hispanica :: Sycamore: London Plane,,11859,6.07,195359,Maybe,"Anthracnose, large mature size",https://services.arcgis.com/Zs2aNLFN00jrS4gG/arcgis/rest/services/Street_Tree_List_from_DataSF_pulled_daily_/FeatureServer/0
San Francisco,2,Tree(s) ::,,10588,5.42,195359,No,Standing inventory; no current acute removal driver,https://services.arcgis.com/Zs2aNLFN00jrS4gG/arcgis/rest/services/Street_Tree_List_from_DataSF_pulled_daily_/FeatureServer/0
San Francisco,3,Lophostemon confertus :: Brisbane Box,,10206,5.22,195359,No,Standing inventory; no current acute removal driver,https://services.arcgis.com/Zs2aNLFN00jrS4gG/arcgis/rest/services/Street_Tree_List_from_DataSF_pulled_daily_/FeatureServer/0
San Francisco,4,Metrosideros excelsa :: New Zealand Xmas Tree,,8832,4.52,195359,No,Standing inventory; no current acute removal driver,https://services.arcgis.com/Zs2aNLFN00jrS4gG/arcgis/rest/services/Street_Tree_List_from_DataSF_pulled_daily_/FeatureServer/0
San Francisco,5,Tristaniopsis laurina :: Swamp Myrtle,,7506,3.84,195359,No,Standing inventory; no current acute removal driver,https://services.arcgis.com/Zs2aNLFN00jrS4gG/arcgis/rest/services/Street_Tree_List_from_DataSF_pulled_daily_/FeatureServer/0
San Francisco,6,Pittosporum undulatum :: Victorian Box,,7193,3.68,195359,No,Standing inventory; no current acute removal driver,https://services.arcgis.com/Zs2aNLFN00jrS4gG/arcgis/rest/services/Street_Tree_List_from_DataSF_pulled_daily_/FeatureServer/0
San Francisco,7,Prunus cerasifera :: Cherry Plum,,6657,3.41,195359,Maybe,"Shorter lifespan, borers, decline",https://services.arcgis.com/Zs2aNLFN00jrS4gG/arcgis/rest/services/Street_Tree_List_from_DataSF_pulled_daily_/FeatureServer/0
San Francisco,8,Magnolia grandiflora :: Southern Magnolia,,6524,3.34,195359,No,Standing inventory; no current acute removal driver,https://services.arcgis.com/Zs2aNLFN00jrS4gG/arcgis/rest/services/Street_Tree_List_from_DataSF_pulled_daily_/FeatureServer/0
San Francisco,9,Arbutus 'Marina' :: Hybrid Strawberry Tree,,5722,2.93,195359,No,Standing inventory; no current acute removal driver,https://services.arcgis.com/Zs2aNLFN00jrS4gG/arcgis/rest/services/Street_Tree_List_from_DataSF_pulled_daily_/FeatureServer/0
San Francisco,10,Ficus microcarpa nitida 'Green Gem' :: Indian Laurel Fig Tree 'Green Gem',,5519,2.83,195359,No,Standing inventory; no current acute removal driver,https://services.arcgis.com/Zs2aNLFN00jrS4gG/arcgis/rest/services/Street_Tree_List_from_DataSF_pulled_daily_/FeatureServer/0
San Francisco,11,Prunus serrulata 'Kwanzan' :: Kwanzan Flowering Cherry,,3972,2.03,195359,Maybe,"Shorter lifespan, ornamental decline",https://services.arcgis.com/Zs2aNLFN00jrS4gG/arcgis/rest/services/Street_Tree_List_from_DataSF_pulled_daily_/FeatureServer/0
San Francisco,12,Acacia melanoxylon :: Blackwood Acacia,,3936,2.01,195359,No,Standing inventory; no current acute removal driver,https://services.arcgis.com/Zs2aNLFN00jrS4gG/arcgis/rest/services/Street_Tree_List_from_DataSF_pulled_daily_/FeatureServer/0
San Francisco,13,Maytenus boaria :: Mayten,,3867,1.98,195359,No,Standing inventory; no current acute removal driver,https://services.arcgis.com/Zs2aNLFN00jrS4gG/arcgis/rest/services/Street_Tree_List_from_DataSF_pulled_daily_/FeatureServer/0
San Francisco,14,Olea europaea :: Olive Tree,,3739,1.91,195359,No,Standing inventory; no current acute removal driver,https://services.arcgis.com/Zs2aNLFN00jrS4gG/arcgis/rest/services/Street_Tree_List_from_DataSF_pulled_daily_/FeatureServer/0
San Francisco,15,Corymbia ficifolia :: Red Flowering Gum,,3550,1.82,195359,No,Standing inventory; no current acute removal driver,https://services.arcgis.com/Zs2aNLFN00jrS4gG/arcgis/rest/services/Street_Tree_List_from_DataSF_pulled_daily_/FeatureServer/0
San Francisco,16,Ginkgo biloba :: Maidenhair Tree,,3388,1.73,195359,No,Standing inventory; no current acute removal driver,https://services.arcgis.com/Zs2aNLFN00jrS4gG/arcgis/rest/services/Street_Tree_List_from_DataSF_pulled_daily_/FeatureServer/0
San Francisco,17,Callistemon citrinus :: Lemon Bottlebrush,,3295,1.69,195359,No,Standing inventory; no current acute removal driver,https://services.arcgis.com/Zs2aNLFN00jrS4gG/arcgis/rest/services/Street_Tree_List_from_DataSF_pulled_daily_/FeatureServer/0
San Francisco,18,Pyrus calleryana :: Ornamental Pear,,2972,1.52,195359,Yes,Banned OH/SC/PA/NJ; bounty programs,https://services.arcgis.com/Zs2aNLFN00jrS4gG/arcgis/rest/services/Street_Tree_List_from_DataSF_pulled_daily_/FeatureServer/0
San Francisco,19,Prunus serrulata :: Ornamental Cherry,,2684,1.37,195359,Maybe,"Shorter lifespan, borers, decline",https://services.arcgis.com/Zs2aNLFN00jrS4gG/arcgis/rest/services/Street_Tree_List_from_DataSF_pulled_daily_/FeatureServer/0
San Francisco,20,Eriobotrya deflexa :: Bronze Loquat,,2496,1.28,195359,No,Standing inventory; no current acute removal driver,https://services.arcgis.com/Zs2aNLFN00jrS4gG/arcgis/rest/services/Street_Tree_List_from_DataSF_pulled_daily_/FeatureServer/0
San Francisco,21,Ulmus parvifolia :: Chinese Elm,,2381,1.22,195359,No,Standing inventory; no current acute removal driver,https://services.arcgis.com/Zs2aNLFN00jrS4gG/arcgis/rest/services/Street_Tree_List_from_DataSF_pulled_daily_/FeatureServer/0
San Francisco,22,Pinus radiata :: Monterey Pine,,2284,1.17,195359,No,Standing inventory; no current acute removal driver,https://services.arcgis.com/Zs2aNLFN00jrS4gG/arcgis/rest/services/Street_Tree_List_from_DataSF_pulled_daily_/FeatureServer/0
San Francisco,23,Ligustrum lucidum :: Glossy Privet,,2170,1.11,195359,No,Standing inventory; no current acute removal driver,https://services.arcgis.com/Zs2aNLFN00jrS4gG/arcgis/rest/services/Street_Tree_List_from_DataSF_pulled_daily_/FeatureServer/0
San Francisco,24,Pyrus kawakamii :: Evergreen Pear,,1976,1.01,195359,No,Standing inventory; no current acute removal driver,https://services.arcgis.com/Zs2aNLFN00jrS4gG/arcgis/rest/services/Street_Tree_List_from_DataSF_pulled_daily_/FeatureServer/0
San Francisco,25,Cupressus macrocarpa :: Monterey Cypress,,1919,0.98,195359,No,Standing inventory; no current acute removal driver,https://services.arcgis.com/Zs2aNLFN00jrS4gG/arcgis/rest/services/Street_Tree_List_from_DataSF_pulled_daily_/FeatureServer/0
Sacramento,1,London plane tree,Platanus X acerifolia,13286,13.35,99500,Maybe,"Anthracnose, large mature size",https://services9.arcgis.com/mt4kvYhNXSa5AqLG/arcgis/rest/services/Sac_City_Trees/FeatureServer/0
Sacramento,2,"pistache, Chinese",Pistacia chinensis,5089,5.11,99500,No,Standing inventory; no current acute removal driver,https://services9.arcgis.com/mt4kvYhNXSa5AqLG/arcgis/rest/services/Sac_City_Trees/FeatureServer/0
Sacramento,3,"oak, valley",Quercus lobata,4581,4.6,99500,No,Standing inventory; no current acute removal driver,https://services9.arcgis.com/mt4kvYhNXSa5AqLG/arcgis/rest/services/Sac_City_Trees/FeatureServer/0
Sacramento,4,Japanese zelkova,Zelkova serrata,4415,4.44,99500,No,Standing inventory; no current acute removal driver,https://services9.arcgis.com/mt4kvYhNXSa5AqLG/arcgis/rest/services/Sac_City_Trees/FeatureServer/0
Sacramento,5,crape myrtle,Lagerstroemia indica,4028,4.05,99500,No,Standing inventory; no current acute removal driver,https://services9.arcgis.com/mt4kvYhNXSa5AqLG/arcgis/rest/services/Sac_City_Trees/FeatureServer/0
Sacramento,6,"pear, flowering ornamental",Pyrus calleryana spp,3278,3.29,99500,Yes,Often Bradford/Callery; bans expanding,https://services9.arcgis.com/mt4kvYhNXSa5AqLG/arcgis/rest/services/Sac_City_Trees/FeatureServer/0
Sacramento,7,"redwood, coast",Sequoia sempervirens,2873,2.89,99500,No,Standing inventory; no current acute removal driver,https://services9.arcgis.com/mt4kvYhNXSa5AqLG/arcgis/rest/services/Sac_City_Trees/FeatureServer/0
Sacramento,8,"maple, red",Acer rubrum,2248,2.26,99500,No,Standing inventory; no current acute removal driver,https://services9.arcgis.com/mt4kvYhNXSa5AqLG/arcgis/rest/services/Sac_City_Trees/FeatureServer/0
Sacramento,9,"oak, red",Quercus rubra,2173,2.18,99500,Maybe,Oak wilt risk in IL/IA/MI/MN/WI,https://services9.arcgis.com/mt4kvYhNXSa5AqLG/arcgis/rest/services/Sac_City_Trees/FeatureServer/0
Sacramento,10,"ash, Modesto",Fraxinus velutina modesto,1770,1.78,99500,Yes,EAB - active mortality in 36 states,https://services9.arcgis.com/mt4kvYhNXSa5AqLG/arcgis/rest/services/Sac_City_Trees/FeatureServer/0
Sacramento,11,"sweetgum, American",Liquidambar styraciflua,1720,1.73,99500,Maybe,"Gumball nuisance, large size, surface roots",https://services9.arcgis.com/mt4kvYhNXSa5AqLG/arcgis/rest/services/Sac_City_Trees/FeatureServer/0
Sacramento,12,"oak, coast live",Quercus agrifolia,1448,1.46,99500,No,Standing inventory; no current acute removal driver,https://services9.arcgis.com/mt4kvYhNXSa5AqLG/arcgis/rest/services/Sac_City_Trees/FeatureServer/0
Sacramento,13,horsetail tree,Casuarina equisetifolia,1441,1.45,99500,No,Standing inventory; no current acute removal driver,https://services9.arcgis.com/mt4kvYhNXSa5AqLG/arcgis/rest/services/Sac_City_Trees/FeatureServer/0
Sacramento,14,"elm, Chinese",Ulmus parvifolia,1357,1.36,99500,No,Standing inventory; no current acute removal driver,https://services9.arcgis.com/mt4kvYhNXSa5AqLG/arcgis/rest/services/Sac_City_Trees/FeatureServer/0
Sacramento,15,"palm, Mexican fan",Washingtonia robusta,1338,1.34,99500,No,Standing inventory; no current acute removal driver,https://services9.arcgis.com/mt4kvYhNXSa5AqLG/arcgis/rest/services/Sac_City_Trees/FeatureServer/0
Sacramento,16,maidenhair tree,Ginkgo biloba,1249,1.26,99500,No,Standing inventory; no current acute removal driver,https://services9.arcgis.com/mt4kvYhNXSa5AqLG/arcgis/rest/services/Sac_City_Trees/FeatureServer/0
Sacramento,17,"plum, purple-leaf",Prunus cerasifera spp,1237,1.24,99500,Maybe,"Shorter lifespan, ornamental decline",https://services9.arcgis.com/mt4kvYhNXSa5AqLG/arcgis/rest/services/Sac_City_Trees/FeatureServer/0
Sacramento,18,"hackberry, common",Celtis occidentalis,1198,1.2,99500,Maybe,"Storm failure, large size",https://services9.arcgis.com/mt4kvYhNXSa5AqLG/arcgis/rest/services/Sac_City_Trees/FeatureServer/0
Sacramento,19,tupelo / sour gum,Nyssa sylvatica,1173,1.18,99500,No,Standing inventory; no current acute removal driver,https://services9.arcgis.com/mt4kvYhNXSa5AqLG/arcgis/rest/services/Sac_City_Trees/FeatureServer/0
Sacramento,20,"cypress, Italian",Cupressus sempervirens,1170,1.18,99500,No,Standing inventory; no current acute removal driver,https://services9.arcgis.com/mt4kvYhNXSa5AqLG/arcgis/rest/services/Sac_City_Trees/FeatureServer/0
Sacramento,21,"magnolia, southern",Magnolia grandiflora,1155,1.16,99500,No,Standing inventory; no current acute removal driver,https://services9.arcgis.com/mt4kvYhNXSa5AqLG/arcgis/rest/services/Sac_City_Trees/FeatureServer/0
Sacramento,22,"elm, English",Ulmus procera,1115,1.12,99500,No,Standing inventory; no current acute removal driver,https://services9.arcgis.com/mt4kvYhNXSa5AqLG/arcgis/rest/services/Sac_City_Trees/FeatureServer/0
Sacramento,23,"oak, spp",Quercus spp,1047,1.05,99500,No,Standing inventory; no current acute removal driver,https://services9.arcgis.com/mt4kvYhNXSa5AqLG/arcgis/rest/services/Sac_City_Trees/FeatureServer/0
Sacramento,24,"hackberry, Chinese",Celtis sinensis,1045,1.05,99500,Maybe,"Storm failure, large size",https://services9.arcgis.com/mt4kvYhNXSa5AqLG/arcgis/rest/services/Sac_City_Trees/FeatureServer/0
Sacramento,25,"maple, trident",Acer buergeranum,1044,1.05,99500,No,Standing inventory; no current acute removal driver,https://services9.arcgis.com/mt4kvYhNXSa5AqLG/arcgis/rest/services/Sac_City_Trees/FeatureServer/0
Philadelphia,1,PLATANUS X ACERIFOLIA - LONDON PLANETREE,,16335,10.77,151713,Maybe,"Anthracnose, large mature size",https://services.arcgis.com/fLeGjb7u4uXqeF9q/arcgis/rest/services/ppr_tree_inventory_2024/FeatureServer/0
Philadelphia,2,ACER RUBRUM - RED MAPLE,,10288,6.78,151713,No,Standing inventory; no current acute removal driver,https://services.arcgis.com/fLeGjb7u4uXqeF9q/arcgis/rest/services/ppr_tree_inventory_2024/FeatureServer/0
Philadelphia,3,PRUNUS SPECIES - OTHER CHERRY,,7545,4.97,151713,Maybe,"Shorter lifespan, borers, decline",https://services.arcgis.com/fLeGjb7u4uXqeF9q/arcgis/rest/services/ppr_tree_inventory_2024/FeatureServer/0
Philadelphia,4,PYRUS CALLERYANA - CALLERY PEAR,,7252,4.78,151713,Yes,Banned OH/SC/PA/NJ; bounty programs NC/IN/VA,https://services.arcgis.com/fLeGjb7u4uXqeF9q/arcgis/rest/services/ppr_tree_inventory_2024/FeatureServer/0
Philadelphia,5,GLEDITSIA TRIACANTHOS - HONEYLOCUST,,5021,3.31,151713,Maybe,"Canker, borers, large planting base",https://services.arcgis.com/fLeGjb7u4uXqeF9q/arcgis/rest/services/ppr_tree_inventory_2024/FeatureServer/0
Philadelphia,6,QUERCUS RUBRA - NORTHERN RED OAK,,4926,3.25,151713,Maybe,Oak wilt risk TX/Upper Midwest; mature size elsewhere,https://services.arcgis.com/fLeGjb7u4uXqeF9q/arcgis/rest/services/ppr_tree_inventory_2024/FeatureServer/0
Philadelphia,7,ZELKOVA SERRATA - JAPANESE ZELKOVA,,4474,2.95,151713,No,Standing inventory; no current acute removal driver,https://services.arcgis.com/fLeGjb7u4uXqeF9q/arcgis/rest/services/ppr_tree_inventory_2024/FeatureServer/0
Philadelphia,8,ACER PLATANOIDES - NORWAY MAPLE,,4324,2.85,151713,Yes,Invasive (NE/PNW); weak unions; storm-prone,https://services.arcgis.com/fLeGjb7u4uXqeF9q/arcgis/rest/services/ppr_tree_inventory_2024/FeatureServer/0
Philadelphia,9,SYRINGA RETICULATA - JAPANESE TREE LILAC,,3740,2.47,151713,No,Standing inventory; no current acute removal driver,https://services.arcgis.com/fLeGjb7u4uXqeF9q/arcgis/rest/services/ppr_tree_inventory_2024/FeatureServer/0
Philadelphia,10,GINKGO BILOBA - GINKGO,,3717,2.45,151713,No,Standing inventory; no current acute removal driver,https://services.arcgis.com/fLeGjb7u4uXqeF9q/arcgis/rest/services/ppr_tree_inventory_2024/FeatureServer/0
Philadelphia,11,CERCIS CANADENSIS - EASTERN REDBUD,,2823,1.86,151713,No,Standing inventory; no current acute removal driver,https://services.arcgis.com/fLeGjb7u4uXqeF9q/arcgis/rest/services/ppr_tree_inventory_2024/FeatureServer/0
Philadelphia,12,TILIA SPECIES - OTHER LINDEN,,2733,1.8,151713,No,Standing inventory; no current acute removal driver,https://services.arcgis.com/fLeGjb7u4uXqeF9q/arcgis/rest/services/ppr_tree_inventory_2024/FeatureServer/0
Philadelphia,13,MALUS SPECIES - OTHER CRABAPPLE,,2528,1.67,151713,Maybe,"Shorter lifespan, scab/disease",https://services.arcgis.com/fLeGjb7u4uXqeF9q/arcgis/rest/services/ppr_tree_inventory_2024/FeatureServer/0
Philadelphia,14,PRUNUS SERRULATA - KWANZAN CHERRY,,2528,1.67,151713,Maybe,"Shorter lifespan, ornamental decline",https://services.arcgis.com/fLeGjb7u4uXqeF9q/arcgis/rest/services/ppr_tree_inventory_2024/FeatureServer/0
Philadelphia,15,ACER SACCHARUM - SUGAR MAPLE,,2507,1.65,151713,No,Standing inventory; no current acute removal driver,https://services.arcgis.com/fLeGjb7u4uXqeF9q/arcgis/rest/services/ppr_tree_inventory_2024/FeatureServer/0
Philadelphia,16,ACER CAMPESTRE - HEDGE MAPLE,,2470,1.63,151713,No,Standing inventory; no current acute removal driver,https://services.arcgis.com/fLeGjb7u4uXqeF9q/arcgis/rest/services/ppr_tree_inventory_2024/FeatureServer/0
Philadelphia,17,QUERCUS PALUSTRIS - PIN OAK,,2470,1.63,151713,Maybe,Mature removals; iron chlorosis in alkaline soils,https://services.arcgis.com/fLeGjb7u4uXqeF9q/arcgis/rest/services/ppr_tree_inventory_2024/FeatureServer/0
Philadelphia,18,CRATAEGUS SPECIES - OTHER HAWTHORN,,1848,1.22,151713,No,Standing inventory; no current acute removal driver,https://services.arcgis.com/fLeGjb7u4uXqeF9q/arcgis/rest/services/ppr_tree_inventory_2024/FeatureServer/0
Philadelphia,19,SOPHORA JAPONICA - JAPANESE PAGODA TREE,,1839,1.21,151713,No,Standing inventory; no current acute removal driver,https://services.arcgis.com/fLeGjb7u4uXqeF9q/arcgis/rest/services/ppr_tree_inventory_2024/FeatureServer/0
Philadelphia,20,TILIA CORDATA - LITTLE LEAF LINDEN,,1792,1.18,151713,No,Standing inventory; no current acute removal driver,https://services.arcgis.com/fLeGjb7u4uXqeF9q/arcgis/rest/services/ppr_tree_inventory_2024/FeatureServer/0
Philadelphia,21,ACER SPECIES - OTHER MAPLE,,1744,1.15,151713,No,Standing inventory; no current acute removal driver,https://services.arcgis.com/fLeGjb7u4uXqeF9q/arcgis/rest/services/ppr_tree_inventory_2024/FeatureServer/0
Philadelphia,22,AMELANCHIER SPECIES - OTHER SERVICEBERRY,,1724,1.14,151713,No,Standing inventory; no current acute removal driver,https://services.arcgis.com/fLeGjb7u4uXqeF9q/arcgis/rest/services/ppr_tree_inventory_2024/FeatureServer/0
Philadelphia,23,ULMUS SPECIES - OTHER ELM,,1673,1.1,151713,No,Standing inventory; no current acute removal driver,https://services.arcgis.com/fLeGjb7u4uXqeF9q/arcgis/rest/services/ppr_tree_inventory_2024/FeatureServer/0
Philadelphia,24,CLADRASTIS KENTUKEA - YELLOWWOOD,,1658,1.09,151713,No,Standing inventory; no current acute removal driver,https://services.arcgis.com/fLeGjb7u4uXqeF9q/arcgis/rest/services/ppr_tree_inventory_2024/FeatureServer/0
Philadelphia,25,LIQUIDAMBAR STYRACIFLUA - SWEETGUM,,1530,1.01,151713,Maybe,"Gumball nuisance, large size, surface roots",https://services.arcgis.com/fLeGjb7u4uXqeF9q/arcgis/rest/services/ppr_tree_inventory_2024/FeatureServer/0
Washington DC,1,Red maple,Acer rubrum,0,0.0,220154,No,Standing inventory; no current acute removal driver,https://maps2.dcgis.dc.gov/dcgis/rest/services/DCGIS_DATA/Urban_Tree_Canopy/MapServer/23
Washington DC,2,Willow oak,Quercus phellos,0,0.0,220154,Maybe,Mature size; common Mid-Atlantic/SE removal,https://maps2.dcgis.dc.gov/dcgis/rest/services/DCGIS_DATA/Urban_Tree_Canopy/MapServer/23
Washington DC,3,Pin oak,Quercus palustris,0,0.0,220154,Maybe,Mature removals; iron chlorosis in alkaline soils,https://maps2.dcgis.dc.gov/dcgis/rest/services/DCGIS_DATA/Urban_Tree_Canopy/MapServer/23
Washington DC,4,American elm,Ulmus americana,0,0.0,220154,No,Standing inventory; no current acute removal driver,https://maps2.dcgis.dc.gov/dcgis/rest/services/DCGIS_DATA/Urban_Tree_Canopy/MapServer/23
Washington DC,5,Japanese zelkova,Zelkova serrata,0,0.0,220154,No,Standing inventory; no current acute removal driver,https://maps2.dcgis.dc.gov/dcgis/rest/services/DCGIS_DATA/Urban_Tree_Canopy/MapServer/23
Washington DC,6,London plane tree,Platanus x acerifolia,0,0.0,220154,Maybe,"Anthracnose, large mature size",https://maps2.dcgis.dc.gov/dcgis/rest/services/DCGIS_DATA/Urban_Tree_Canopy/MapServer/23
Washington DC,7,Red oak,Quercus rubra,0,0.0,220154,Maybe,Oak wilt risk TX/Upper Midwest; mature size elsewhere,https://maps2.dcgis.dc.gov/dcgis/rest/services/DCGIS_DATA/Urban_Tree_Canopy/MapServer/23
Washington DC,8,Other (See Notes),Other (See Notes),0,0.0,220154,No,Standing inventory; no current acute removal driver,https://maps2.dcgis.dc.gov/dcgis/rest/services/DCGIS_DATA/Urban_Tree_Canopy/MapServer/23
Washington DC,9,Crape myrtle,Lagerstroemia indica,0,0.0,220154,No,Standing inventory; no current acute removal driver,https://maps2.dcgis.dc.gov/dcgis/rest/services/DCGIS_DATA/Urban_Tree_Canopy/MapServer/23
Washington DC,10,Eastern redbud,Cercis canadensis,0,0.0,220154,No,Standing inventory; no current acute removal driver,https://maps2.dcgis.dc.gov/dcgis/rest/services/DCGIS_DATA/Urban_Tree_Canopy/MapServer/23
Washington DC,11,Swamp white oak,Quercus bicolor,0,0.0,220154,No,Standing inventory; no current acute removal driver,https://maps2.dcgis.dc.gov/dcgis/rest/services/DCGIS_DATA/Urban_Tree_Canopy/MapServer/23
Washington DC,12,Sugar maple,Acer saccharum,0,0.0,220154,No,Standing inventory; no current acute removal driver,https://maps2.dcgis.dc.gov/dcgis/rest/services/DCGIS_DATA/Urban_Tree_Canopy/MapServer/23
Washington DC,13,Chinese elm,Ulmus parvifolia,0,0.0,220154,No,Standing inventory; no current acute removal driver,https://maps2.dcgis.dc.gov/dcgis/rest/services/DCGIS_DATA/Urban_Tree_Canopy/MapServer/23
Washington DC,14,Hackberry,Celtis occidentalis,0,0.0,220154,Maybe,"Storm failure, large size",https://maps2.dcgis.dc.gov/dcgis/rest/services/DCGIS_DATA/Urban_Tree_Canopy/MapServer/23
Washington DC,15,Chinese pistache,Pistacia chinensis,0,0.0,220154,No,Standing inventory; no current acute removal driver,https://maps2.dcgis.dc.gov/dcgis/rest/services/DCGIS_DATA/Urban_Tree_Canopy/MapServer/23
Washington DC,16,Ginkgo (male),Ginkgo biloba (male),0,0.0,220154,No,Standing inventory; no current acute removal driver,https://maps2.dcgis.dc.gov/dcgis/rest/services/DCGIS_DATA/Urban_Tree_Canopy/MapServer/23
Washington DC,17,Blackgum,Nyssa sylvatica,0,0.0,220154,No,Standing inventory; no current acute removal driver,https://maps2.dcgis.dc.gov/dcgis/rest/services/DCGIS_DATA/Urban_Tree_Canopy/MapServer/23
Washington DC,18,Scarlet oak,Quercus coccinea,0,0.0,220154,No,Standing inventory; no current acute removal driver,https://maps2.dcgis.dc.gov/dcgis/rest/services/DCGIS_DATA/Urban_Tree_Canopy/MapServer/23
Washington DC,19,Kwanzan cherry,Prunus serrulata 'Kwanzan',0,0.0,220154,Maybe,"Shorter lifespan, ornamental decline",https://maps2.dcgis.dc.gov/dcgis/rest/services/DCGIS_DATA/Urban_Tree_Canopy/MapServer/23
Washington DC,20,Overcup oak,Quercus lyrata,0,0.0,220154,No,Standing inventory; no current acute removal driver,https://maps2.dcgis.dc.gov/dcgis/rest/services/DCGIS_DATA/Urban_Tree_Canopy/MapServer/23
Washington DC,21,Cherry,Prunus species,0,0.0,220154,Maybe,"Shorter lifespan, borers, decline",https://maps2.dcgis.dc.gov/dcgis/rest/services/DCGIS_DATA/Urban_Tree_Canopy/MapServer/23
Washington DC,22,Kentucky coffeetree,Gymnocladus dioicus,0,0.0,220154,No,Standing inventory; no current acute removal driver,https://maps2.dcgis.dc.gov/dcgis/rest/services/DCGIS_DATA/Urban_Tree_Canopy/MapServer/23
Washington DC,23,Norway maple,Acer platanoides,0,0.0,220154,Yes,Invasive (NE/PNW); weak unions; storm-prone,https://maps2.dcgis.dc.gov/dcgis/rest/services/DCGIS_DATA/Urban_Tree_Canopy/MapServer/23
Washington DC,24,Littleleaf linden,Tilia cordata,0,0.0,220154,No,Standing inventory; no current acute removal driver,https://maps2.dcgis.dc.gov/dcgis/rest/services/DCGIS_DATA/Urban_Tree_Canopy/MapServer/23
Washington DC,25,Bald cypress,Taxodium distichum,0,0.0,220154,No,Standing inventory; no current acute removal driver,https://maps2.dcgis.dc.gov/dcgis/rest/services/DCGIS_DATA/Urban_Tree_Canopy/MapServer/23
Portland OR,1,Acer platanoides - Norway maple,,18150,7.2,252205,Yes,Invasive (NE/PNW); weak unions; storm-prone,https://www.portlandmaps.com/od/rest/services/COP_OpenData_Environment/MapServer/1415
Portland OR,2,Prunus (cherry species and cultivars) - cherry,,9718,3.85,252205,Maybe,"Shorter lifespan, borers, decline",https://www.portlandmaps.com/od/rest/services/COP_OpenData_Environment/MapServer/1415
Portland OR,3,Acer x freemanii - red-silver maple hybrid,,9326,3.7,252205,Yes,"Weak wood, storm-prone, surface roots",https://www.portlandmaps.com/od/rest/services/COP_OpenData_Environment/MapServer/1415
Portland OR,4,Prunus cerasifera - flowering plum,,7472,2.96,252205,Maybe,"Shorter lifespan, ornamental decline",https://www.portlandmaps.com/od/rest/services/COP_OpenData_Environment/MapServer/1415
Portland OR,5,Pyrus calleryana - flowering pear,,6880,2.73,252205,Yes,Banned OH/SC/PA/NJ; bounty programs,https://www.portlandmaps.com/od/rest/services/COP_OpenData_Environment/MapServer/1415
Portland OR,6,Malus spp. - ornamental crabapple,,6805,2.7,252205,Maybe,"Shorter lifespan, scab/disease",https://www.portlandmaps.com/od/rest/services/COP_OpenData_Environment/MapServer/1415
Portland OR,7,Acer palmatum - Japanese maple,,5705,2.26,252205,No,Standing inventory; no current acute removal driver,https://www.portlandmaps.com/od/rest/services/COP_OpenData_Environment/MapServer/1415
Portland OR,8,Acer rubrum - red maple,,5647,2.24,252205,No,Standing inventory; no current acute removal driver,https://www.portlandmaps.com/od/rest/services/COP_OpenData_Environment/MapServer/1415
Portland OR,9,Cornus spp. - dogwood,,5619,2.23,252205,No,Standing inventory; no current acute removal driver,https://www.portlandmaps.com/od/rest/services/COP_OpenData_Environment/MapServer/1415
Portland OR,10,Styrax japonicus - Japanese snowbell,,5171,2.05,252205,No,Standing inventory; no current acute removal driver,https://www.portlandmaps.com/od/rest/services/COP_OpenData_Environment/MapServer/1415
Portland OR,11,Fraxinus spp. - ash,,4988,1.98,252205,Yes,EAB - active mortality in 36 states,https://www.portlandmaps.com/od/rest/services/COP_OpenData_Environment/MapServer/1415
Portland OR,12,Tilia spp. - linden or basswood,,4649,1.84,252205,No,Standing inventory; no current acute removal driver,https://www.portlandmaps.com/od/rest/services/COP_OpenData_Environment/MapServer/1415
Portland OR,13,Parrotia persica - Persian ironwood,,4505,1.79,252205,No,Standing inventory; no current acute removal driver,https://www.portlandmaps.com/od/rest/services/COP_OpenData_Environment/MapServer/1415
Portland OR,14,Acer griseum - paperbark maple,,4411,1.75,252205,No,Standing inventory; no current acute removal driver,https://www.portlandmaps.com/od/rest/services/COP_OpenData_Environment/MapServer/1415
Portland OR,15,Pseudotsuga menziesii - Douglas-fir,,4404,1.75,252205,Yes,Hemlock woolly adelgid,https://www.portlandmaps.com/od/rest/services/COP_OpenData_Environment/MapServer/1415
Portland OR,16,Pyrus spp. - pear,,4290,1.7,252205,No,Standing inventory; no current acute removal driver,https://www.portlandmaps.com/od/rest/services/COP_OpenData_Environment/MapServer/1415
Portland OR,17,Zelkova serrata - Japanese zelkova,,4016,1.59,252205,No,Standing inventory; no current acute removal driver,https://www.portlandmaps.com/od/rest/services/COP_OpenData_Environment/MapServer/1415
Portland OR,18,Ginkgo biloba - ginkgo,,3833,1.52,252205,No,Standing inventory; no current acute removal driver,https://www.portlandmaps.com/od/rest/services/COP_OpenData_Environment/MapServer/1415
Portland OR,19,Nyssa sylvatica - black tupelo,,3653,1.45,252205,No,Standing inventory; no current acute removal driver,https://www.portlandmaps.com/od/rest/services/COP_OpenData_Environment/MapServer/1415
Portland OR,20,Liquidambar styraciflua - sweetgum,,3396,1.35,252205,Maybe,"Gumball nuisance, large size, surface roots",https://www.portlandmaps.com/od/rest/services/COP_OpenData_Environment/MapServer/1415
Portland OR,21,Cornus florida - eastern dogwood,,3286,1.3,252205,No,Standing inventory; no current acute removal driver,https://www.portlandmaps.com/od/rest/services/COP_OpenData_Environment/MapServer/1415
Portland OR,22,Carpinus spp. - hornbeam,,3226,1.28,252205,No,Standing inventory; no current acute removal driver,https://www.portlandmaps.com/od/rest/services/COP_OpenData_Environment/MapServer/1415
Portland OR,23,Ulmus spp. - elm,,2979,1.18,252205,No,Standing inventory; no current acute removal driver,https://www.portlandmaps.com/od/rest/services/COP_OpenData_Environment/MapServer/1415
Portland OR,24,Acer macrophyllum - bigleaf maple,,2884,1.14,252205,No,Standing inventory; no current acute removal driver,https://www.portlandmaps.com/od/rest/services/COP_OpenData_Environment/MapServer/1415
Portland OR,25,Unknown,,2875,1.14,252205,No,Standing inventory; no current acute removal driver,https://www.portlandmaps.com/od/rest/services/COP_OpenData_Environment/MapServer/1415
Pittsburgh,1,Maple: Norway,Acer platanoides,3717,8.13,45709,Yes,Invasive (NE/PNW); weak unions; storm-prone,WPRDC resource 1515a93c-73e3-4425-9b35-1cd11b2196da
Pittsburgh,2,Maple: Red,Acer rubrum,3422,7.49,45709,No,Standing inventory; no current acute removal driver,WPRDC resource 1515a93c-73e3-4425-9b35-1cd11b2196da
Pittsburgh,3,London planetree,Platanus x acerifolia,3238,7.08,45709,Maybe,"Anthracnose, large mature size",WPRDC resource 1515a93c-73e3-4425-9b35-1cd11b2196da
Pittsburgh,4,Pear: Callery,Pyrus calleryana,2969,6.5,45709,Yes,Banned OH/SC/PA/NJ; bounty programs,WPRDC resource 1515a93c-73e3-4425-9b35-1cd11b2196da
Pittsburgh,5,Linden: Littleleaf,Tilia cordata,2413,5.28,45709,No,Standing inventory; no current acute removal driver,WPRDC resource 1515a93c-73e3-4425-9b35-1cd11b2196da
Pittsburgh,6,Honeylocust: Thornless,Gleditsia triacanthos inermis,2019,4.42,45709,Maybe,"Canker, borers, large planting base",WPRDC resource 1515a93c-73e3-4425-9b35-1cd11b2196da
Pittsburgh,7,Oak: Pin,Quercus palustris,1672,3.66,45709,Maybe,Mature removals,WPRDC resource 1515a93c-73e3-4425-9b35-1cd11b2196da
Pittsburgh,8,Crabapple: Flowering,Malus spp.,1310,2.87,45709,Maybe,"Shorter lifespan, scab/disease",WPRDC resource 1515a93c-73e3-4425-9b35-1cd11b2196da
Pittsburgh,9,Ginkgo,Ginkgo biloba,1218,2.66,45709,No,Standing inventory; no current acute removal driver,WPRDC resource 1515a93c-73e3-4425-9b35-1cd11b2196da
Pittsburgh,10,Oak: Northern Red,Quercus rubra,978,2.14,45709,Maybe,Oak wilt risk in IL/IA/MI/MN/WI,WPRDC resource 1515a93c-73e3-4425-9b35-1cd11b2196da
Pittsburgh,11,Sweetgum: American,Liquidambar styraciflua,892,1.95,45709,Maybe,"Gumball nuisance, large size, surface roots",WPRDC resource 1515a93c-73e3-4425-9b35-1cd11b2196da
Pittsburgh,12,Elm: American,Ulmus americana,798,1.75,45709,No,Standing inventory; no current acute removal driver,WPRDC resource 1515a93c-73e3-4425-9b35-1cd11b2196da
Pittsburgh,13,Maple: Freeman,Acer x freemanii,789,1.73,45709,No,Standing inventory; no current acute removal driver,WPRDC resource 1515a93c-73e3-4425-9b35-1cd11b2196da
Pittsburgh,14,Maple: Sugar,Acer saccharum,716,1.57,45709,No,Standing inventory; no current acute removal driver,WPRDC resource 1515a93c-73e3-4425-9b35-1cd11b2196da
Pittsburgh,15,Locust: Black,Robinia pseudoacacia,689,1.51,45709,No,Standing inventory; no current acute removal driver,WPRDC resource 1515a93c-73e3-4425-9b35-1cd11b2196da
Pittsburgh,16,Zelkova: Japanese,Zelkova serrata,610,1.33,45709,No,Standing inventory; no current acute removal driver,WPRDC resource 1515a93c-73e3-4425-9b35-1cd11b2196da
Pittsburgh,17,Lilac: Japanese Tree,Syringa reticulata,600,1.31,45709,No,Standing inventory; no current acute removal driver,WPRDC resource 1515a93c-73e3-4425-9b35-1cd11b2196da
Pittsburgh,18,Cherry/Plum: spp.,Prunus spp.,579,1.27,45709,Maybe,"Shorter lifespan, borers, decline",WPRDC resource 1515a93c-73e3-4425-9b35-1cd11b2196da
Pittsburgh,19,Maple: Hedge,Acer campestre,573,1.25,45709,No,Standing inventory; no current acute removal driver,WPRDC resource 1515a93c-73e3-4425-9b35-1cd11b2196da
Pittsburgh,20,Spruce: Colorado,Picea pungens,472,1.03,45709,Yes,Needle cast/decline,WPRDC resource 1515a93c-73e3-4425-9b35-1cd11b2196da
Pittsburgh,21,Maple: Silver,Acer saccharinum,432,0.95,45709,Yes,"Weak wood, storm-prone",WPRDC resource 1515a93c-73e3-4425-9b35-1cd11b2196da
Pittsburgh,22,Elm: spp.,Ulmus spp.,416,0.91,45709,No,Standing inventory; no current acute removal driver,WPRDC resource 1515a93c-73e3-4425-9b35-1cd11b2196da
Pittsburgh,23,Hawthorn: spp.,Crataegus spp.,398,0.87,45709,No,Standing inventory; no current acute removal driver,WPRDC resource 1515a93c-73e3-4425-9b35-1cd11b2196da
Pittsburgh,24,Mulberry: White,Morus alba,385,0.84,45709,Maybe,"Fruit nuisance, weak wood",WPRDC resource 1515a93c-73e3-4425-9b35-1cd11b2196da
Pittsburgh,25,Arborvitae: Eastern,Thuja occidentalis,324,0.71,45709,No,Standing inventory; no current acute removal driver,WPRDC resource 1515a93c-73e3-4425-9b35-1cd11b2196da
